metin,eser,yazar
Zafer biraz da hasar ister.,Genel,Abdi İpekçi
Tek çıkar yol Sosyalizmdir.,Genel,Abdi İpekçi
"Vuran patlatıyor, çalan oynatıyor.",Genel,Abdi İpekçi
Kahraman putlaştırıldığı zaman ölür.,Genel,Abdi İpekçi
Ben demokratik sosyalizme inanıyorum.,Genel,Abdi İpekçi
Basın hürriyetini koruma yolu kendi kendini kontroldür.,Genel,Abdi İpekçi
"Öyle bir anayasa yapın ki, bir daha ihlali mümkün olmasın.",Genel,Abdi İpekçi
Temel sağlam değilse o zaman mevcut usuller kâfi gelmez.,Genel,Abdi İpekçi
Özgürlükleri silip süpüren bu rejim insanları mutlu edemez.,Genel,Abdi İpekçi
"Atatürk'ün karakteristik bir tarafı, anti-emperyalist oluşudur.",Genel,Abdi İpekçi
"Bütün ihtilaller evlatlarını yer. Çünkü ihtilal, cebir ve zor işidir.",Genel,Abdi İpekçi
""" Niçin öldü?"" diye sormayın. Yarınlar için, yarınların özgürce yaşanması için öldü.",Genel,Abdi İpekçi
Olur mu böyle olur mu Kardeş kardeşi vurur mu Kahrolası diktatörler Bu dünya size kalır mı?,Genel,Abdi İpekçi
"Atatürk, Bilimin, sağduyunun esas prensiplerinin daima rehber olduğu, kılavuz olduğu bir zihniyet taşımıştır.",Genel,Abdi İpekçi
"Yaşamakta olduğumuz günler göstermektedir ki, güçlü liderler ne kadar yaşlanırsa yaşlansınlar siyasetten ayrılmaları kolay olmamaktadır.",Genel,Abdi İpekçi
"Elbette yeni çareler, yeni formüller, yeni metotlar bulunacaktır. Ama yol olarak, yön olarak Atatürk'ün bize yönelttiği rasyonalist kafayı muhafaza etmek şartıyla.",Genel,Abdi İpekçi
"Atatürk bir doktrin adamı değildir. Atatürkçülük doktriner bir tez değildir. Kendi janrında da elektrik olmakla beraber, 20. yüzyıl için orijinal olan bir sistemi ortaya atmıştır.",Genel,Abdi İpekçi
"Atatürk inkılaplarının en ilerisinde olanıdır. İnkılaplarda benim kanaatimce en ileri iki tanesi vardır. Biri harf inkılabıdır, biri de kadınların cemiyete girmesi, kadın hürriyetidir.",Genel,Abdi İpekçi
"Aklımın erdiği kadar reyimi kullanıyordum. Kanunun anayasaya uygun olup olmadığını, memleketin bir dikta rejimine götürülüp götürülmediğini, tek parti sistemine devlet idaresinin sürüklendiğini fark etmedim.",Genel,Abdi İpekçi
"Günün meselelerini yeni fikirler, devletin yeni usulleri, nizamları ile halletmekte güçlük çektikçe çareyi onlar içinde aramak yerine mazi usullerinde aramaya çalışıyorlar. İrtica dediğimiz hareketler, düşünceler, fikirler bunlar.",Genel,Abdi İpekçi
"Siyaset adamları nereden, hangi kültürden gelirse gelsin siyası bir silah olarak tesirli bir unsur olan din faktörünü, ilim namı altında, siyaset namı altında cemiyetin nizamı meselesi şeklinde kullanmışlardır, kullanmak istemişlerdir.",Genel,Abdi İpekçi
"Anadolu'da Atatürk aleyhtarı neşriyat, gelişmektedir. Hatta bunların içinde üç ciltlik, dört ciltlik olanlar vardır. Mesela ruh hastası olan bir doktorun, Rıza Nur'un neşriyatı gibi. Kendi de yazılarında ifade eder, dikkatli okursak, kendisi bir ruh hastasıdır. (s. 153)",Genel,Abdi İpekçi
"""Harf İnkılabı Atatürk İnkılapları’nın en ilerisinde olanıdır. İnkılâplarda benim kanaatimce en ileri iki tanesi vardır: Biri harf inkılabıdır, biri de kadınların cemiyete girmesi, kadın hürriyetidir. Bu ikisini en ileride görürüm ben."" (İsmet İnönü bölümü)",Genel,Abdi İpekçi
"Atatürk'ün karakteristik bir tarafı, anti-emperyalist oluşudur. (Sadi Irmak bölümü)",Genel,Abdi İpekçi
"Kaldı ki, Şeyh Sait denen adam daha evvel, yıllarca evvel yani 1914'te de devlete karşı isyan etmiş, bastırmaya gelen kuvvet tarafından yakalanacağını anlayınca Rus Konsoloshanesi'ne sığınmış ve Birinci Dünya Harbi arifesinde Rusya hesabına çalıştığı sabit olmuş sicili bozuk bir mahluktu. (Rauf Orbay bölümü)",Genel,Abdi İpekçi
"Daha geçen cumartesi İstanbul'da bir açık oturumda beraberce düşünce özgürlüğünden söz ediyor, vergi adaletsizliğinden örnekler veriyorduk. Ey okuyucular, İpekçi'yi her gün okuyan okuyucular, gözyaşlarımızı gözyaşlarınızla birleştirin. O uygar gazeteci, o en yetkin gazete yöneticisi kanlı kefenler içinde ilerici Türk basınının namusunu simgeliyor şimdi.[1] — Uğur Mumcu",Genel,Abdi İpekçi
"Abdi İpekçi bir basın şehidi olarak ölümsüzlüğe doğru uğurlanıyor. Çağımızda kahramanlar, kılıçlarıyla değil, kalemleriyle yüceleşiyor. Abdi İpekçi için akan gözyaşlarının yüreklerdeki kin tohumlarını kurutmasını diliyorum. Biz yazarlar, böyle günlerde, kalemlerimizden dökülen gözyaşlarımızı satırlarımızın arasına saklamak, acılarımızı gizlemek zorundayız. Bu günleri, acılarla, kan ve gözyaşıyla yaşıyoruz. Yarınların özgürce yaşanması için... ""Abdi İpekçi niçin öldü?"" diye sormayın. Yarınlar için, yarınların özgürce yaşanması için öldü.[1] — Uğur Mumcu",Genel,Abdi İpekçi
"Ateistler, ""Allah bana her şey versin ama emir vermesin."" diyenlerdir. Esasında yeryüzünde Allah'a, Allah'ın her şeyin yaratıcısı ve idarecisi olduğuna ve öldükten sonra hesap vereceğine inanmayan yoktur. Herkes buluğ çağına girdiği zamanlarda günümüz tabiriyle ergenlik dönemine girdiği zamanlarda Allah'ın var ve bir olduğunu, ahireti kesin olarak kavrar. Araf Suresi 172. ve 173. ayetlere göre bu hakikat ortadadır. Ama arzularını, menfaatlerini birinci sıraya alır, Allah'ı ikinci sıraya alırlar.[1][2][3]",Genel,Abdulaziz Bayındır
"Bana göre Osmanlı ulemasının tümü ümmidir. Ümmi oldukları için ahirette kurtulabilirler. Fetva Kurulu başkanıyken ben de ümmiydim. ""Ulema hata yapmaz kardeşim, koskoca adamlar yanlış mı yazacaklar yani!"" derdim. Bakara Suresi 78. ayete göre ümmiler için bir af kapısı açık gibi. Çünkü habersiz, bilmiyor. Ama bir sonraki ayet yani Bakara Suresi 79. ayette ise ayetin manasını bilip menfaati için başka türlü izah edenlerle ilgilidir, bu ayet ve onların akıbeti ayette yazılıdır. Özellikle Osmanlı'da Kuran ezberletilirdi fakat öğretilmezdi. Oğlanı hafız yaptın mı tamamdır. Ayetlerin anlamını bilmedikten sonra neye yarar ki?[4][5]",Genel,Abdulaziz Bayındır
"Bugün ben size, mezheplerin tamamına göre yüzde yüz faiz olmayan, faiz sayılmayan bir yöntemle dünyanın en rahat çalışan faizli bankasını kurarım. Kendi kafalarına göre bir faiz anlayışı ortaya koyarlar mezhepler.[5][6]",Genel,Abdulaziz Bayındır
"Kuran'ı anlayarak okumanızı istemezler. Çünkü Kuran'ı anlayarak okumanız halinde, menfaatleri için ayetleri nasıl eğip büktüklerini, ayetlere nasıl yanlış manalar verdiklerini, yaptıkları tüm yanlışları görürsünüz. Tüm sistemleri çöker.[4][5]",Genel,Abdulaziz Bayındır
"2014 Eylül ayında dünyanın dört bir yanından bir araya gelen 126 İslam alimi IŞİD'e bildiri yayınladı. Köleliğin kalktığını söylediler. Neyi delil getirdiler biliyor musunuz? Kuran-ı Kerim'i değil, Birleşmiş Milletler'in kararını delil getirdiler. O vakit dedim ki: ""Beyler yeni dininiz hayırlı olsun.""[4][5]",Genel,Abdulaziz Bayındır
"Maide Suresi 15. ayetten biliyoruz ki kendisine kutsal kitap verilen pek çok din mensubu gerek Yahudi, gerek Hristiyan gerek Sabiiler gerekse başka kutsal kitaba inanan ümmetler olsun Allah'ın kendilerine verdiği pek çok emri, ayetleri saklamışlardır. Şirk başta olmak üzre, namaz, oruç, zekat, hac, faiz gibi pek çok konuda Allah'ın ilgili ayetlerini gizlemişlerdir. Ehl-i Kitap'ın en sevmediği şey, duydukları zaman çılgına döndükleri şey Kuran-ı Kerim'dir. Çünkü tüm sistemlerini çökertir. Bundan dolayı Kuran-ı Kerim'i Allah'ın kitabı olarak kabul etmemek için ellerinden gelen her şeyi yaparlar. Batı'da İslam Araştırmaları Merkezleri kurmuşlardır. Orada doktora yaptırırlar. Kuran'ın tarihsel bir kitap, indiği dönem için geçerli olup günümüz için kabul edilemez bir kitap olduğunu iddia ederler. Yahudilik ve Hristiyanlıkta imanın şartlarından biri; son kez gelecek bir nebiye inanmaktır. Son nebi peygamberimiz Muhammed Mustafa'dır, dolayısıyla son kez inen kitap Kuran-ı Kerim'dir. Ama onlar Kuran'dan kaçmak için henüz bekledikleri Mesih'in gelmediğini iddia ederler. Yahudiler İsa'ya ve Muhammed Mustafa'ya sahtekar dedikleri için bir başka bir Mesih beklediklerini söylerler. Hristiyanlar ise peygamberimize sahtekar dedikleri için İsa'nın beklenen Mesih olduğunu iddia ederler. Maalesef bizim mezhepler ise hem Mehdi'nin hem İsa'nın geleceğini söylerler.[4][5]",Genel,Abdulaziz Bayındır
"Bugün Türkiye'de uygulanan, dünyada uygulanan devlet sistemi teokratiktir. Ne demek teokratik? Yani Tanrı devleti. Dört asır Fransızlar, kiliseye karşı mücadele edip başardılar bu defa devleti kiliseleştirdiler. Şirketleri, kurum ve kuruluşları kiliseleştirdiler. Bakın Mümtehine Suresi 12. ayete göre Allah'ın Nebisi yanlış bir iş yaptığında, bir kişi ona itiraz edebiliyor. Fakat bugün bir devlet memurunu bir yere şikayet edebilmeniz için, yetkili amirden muhakemesi için izin istersiniz çünkü dokunulmazlık var. Devletin üst yöneticilerini dokunulmazlık zırhından dolayı hiçbir şekilde mahkemeye veremezsiniz. Avrupalılar hürriyetten bahsederler. Onların yeryüzünde hürriyetten bahsetme hakları yoktur. Onlar kitleleri uyuşturmak için sürekli hürriyet diyorlar. Hiç kimse dokunulmaz değildir.[7]",Genel,Abdulaziz Bayındır
"Müslümanlar isimlerinden başka her şeylerini kaybetmiş vaziyetteler maalesef. O isimleri belki bir işe yarar. ""Bu dinin kaynakları nelerdir?"" deyip bir gün Kuran-ı Kerim'e bakma ihtiyacı duyarlarsa hem kendilerini kurtarmış olurlar hem de dünyayı kurtarma imkanları ellerine geçmiş olur.[8]",Genel,Abdulaziz Bayındır
"Bugün Müslümanlarda ""Hikmet"" kaybolduğu için, Müslümanlar çözümü kendilerinde göremiyor. Çözümü, Batı'da, AB'ye girmekte, şurada burada görüyor. Halbuki herkes çözümü bizde görmelidir.[8]",Genel,Abdulaziz Bayındır
"Müslümanlar akıllarını başlarına toplasınlar. ""Kuran-ı Kerim'e inanıyorum."" demek yetmez. Kuran'a tamı tamına güveneceksin. Yani ""Allah ne demişse o'dur."" diyebileceksin. Diyemiyorsan sen boşuna söylüyorsun. Kuran diye bir kitap olduğunu zaten yeryüzünde bilmeyen yok. Sen de onlardan bir tanesi olursun. ""Ben inanıyorum."" demekle olmaz. İnandığını her şeyle göstermen lazım.[8]",Genel,Abdulaziz Bayındır
"Öncelikle şunu hatırlatayım: Her insan, doğduğu günden itibaren Allah'ın yarattığı ayetleri okur. Onu okuyan herkes Allah'ın varlığını ve birliğini kavrar. Bir de menfaatleri ile doğrular arasında tercih konusunda karar verme durumuna gelinceye kadar herkes doğru ve dürüsttür. En yalancı insan dürüstlük dersi verir ki hayret edersiniz. Yalancılığın kötü olduğunu o bilir çünkü. Ne zaman menfaat ve doğru arasında tercih olursa, çok az insan doğruyu tercih eder menfaatten vazgeçer. Herkes evrensel doğruları bilir. Yalan dünyanın her yerinde kötüdür.[9]",Genel,Abdulaziz Bayındır
"Herkes mümin olarak başlar hayata. Ebeveynleri en dinsiz kişiler olsa bile. Aslında dinsizlik dini bilmemek, tanımamak değil doğrulardan hoşlanmamaktır. Pekala bilirler, ama hoşlanmazlar. Menfaatlerine ters düşüyordur çünkü.[9]",Genel,Abdulaziz Bayındır
Prof. Dr. Abdülaziz Bayındır'ın kurucu başkanı olduğu Süleymaniye Vakfı'nın resmî web sitesi,Genel,Abdulaziz Bayındır
Prof. Dr. Abdülaziz Bayındır'ın yaptığı Kuran derslerinin yayınlandığı resmî web sitesi,Genel,Abdulaziz Bayındır
Dinler yakıtını bitirdi mi ölür.,Genel,Abdullah Rıza Ergüven
"Gerçek özgürlüğümüz, içimizin düşlemli tanrılarını öldürmeye bağlı.",Genel,Abdullah Rıza Ergüven
"Evren bilincine insanla ulaştık. Sayıları 300 milyonu aşkın tanrılar insanoğluna; evren üzerine, insan üzerine en ufak bilgiyi veremediler.",Genel,Abdullah Rıza Ergüven
"Bir din ne denli katı, ne denli bağnaz, ne denli değişime uğramıyorsa; o denli de ölümcüldür!",Genel,Abdullah Rıza Ergüven
"Gerçekte insanlık ne zaman darda kaldıysa tanrı üretti birbiri ardısıra. Hem de sayıya gelmez tanrılar: 300 milyon! Daha önce de yinelediğimiz gibi, insanlık tarihi -demek gerekse- baştan sona tanrılar yaratma tarihidir.",Genel,Abdullah Rıza Ergüven
"Güneş tanrısının onuruna şenlikler düzenleniyor, kutlanıyordu. Dansla birlikte tanrıya bir tutuklu, kurban olarak sunuluyordu. Bir başka savaş tutuklusu önce taptırılıp sonra da tapınak piramidinin tepesinde kurban edilip, yüreği çıkarılıyordu.",Genel,Abdullah Rıza Ergüven
"Geçmişin tanrılarıyla günümüz tanrıları birbirini tutmadığı gibi, bu sayısız tanrılar insana da yabancı!. Bir diyorlar göğün bir ucunda, bir diyorlar her yerde!.. İnsan her şeyden önce sorucul bir yaratık. Yaralıya açılan bir yaratık. Yadsınacak tanrı olmayınca, tanrıtanımazlık yok olur!..",Genel,Abdullah Rıza Ergüven
"Din sözcüleri ölür, öldükten sonra tanrıları da konuşmaz olur! Neden? Çünkü onlar da ölmüştür! Bu tanrılar onlardan önce de yoktu!",Genel,Abdullah Rıza Ergüven
"Tapınak, tanrının eviydi. Tapınak, yeryüzünde tanrısal bir yerdi. Büyük tanrıların tapınağı çoklayın basamaklıydı, Ziggurat gibi. Babil’deki tapınak kulesi, öncül bir örnek; Tevrat’ın Babil Kulesi gibi... Dinsel eğlencelerin en yüksek aşaması yeni yıl eğlencesiydi.",Genel,Abdullah Rıza Ergüven
Eski yazmaların tanıklığına göre Güney Arabistan’da Yahudilikle Hıristiyanlığın büyük etkileri var: “Tanrı göğün ve Yerin Efendisi”dir. Gerçekte bu deyim Kur’an’da da var.,Genel,Abdullah Rıza Ergüven
"İnsan özgürlüğüne içindeki tanrıları öldürmekle kavuşabilir. İşte o zaman, ağa-imgetanrıların kölesi olmaktan kurtuluruz!..",Genel,Abdullah Rıza Ergüven
"Dinlerin, özellikle düşünceden yoksun halklar arasında yapılanma durumları; eski çağlardan, Sumerlerden günümüze dek gelmiş, insanlar dinleriyle birlikte tanrılarını da yaratma ustası olmuşlardır.",Genel,Abdullah Rıza Ergüven
"İnsanlık ne zaman darda kaldıysa tanrı üretti birbiri ardı sıra. Hem de sayıya gelmez tanrılar: 300 milyon! Daha önce de yinelediğimiz gibi, insanlık tarihi -demek gerekse- baştan sona tanrılar yaratma tarihidir.",Genel,Abdullah Rıza Ergüven
"Bir Tanrı olsaydı, insanlara kendini kanıtlardı. Şimdiye dek -milyonlarca yıldır- ispatlamış olması gerekirdi. Böyle bir Tanrı ortaya çıkmış değil! Bu Tanrı’yı da bir gören yok!..",Genel,Abdullah Rıza Ergüven
"Başlangıçta bir Tanrı var deniyordu! Başlangıçta ve daha sonraları bir Tanrı gerçekten varolsaydı, var denilen bir Tanrı’nın yanı sıra 300 milyon tanrı türeyemezdi imgesel de olsa!..",Genel,Abdullah Rıza Ergüven
Kureyş Arapları kendilerini cinlere bıraktılar. Onlarla ilişki kurmaya çabaladılar.,Genel,Abdullah Rıza Ergüven
"Hiçten yaratı, hiçten yaratma, tektanrıcı dinlerin uydurusu! Düşlemler, varolmayan tanrılarla, dışarıda gerçeği olmayan Cenneti yaratır! Neden? Çünkü yığınları kandırarak, kendi kişisel çıkarlarını da koruyup -varsılı kendi yanma çeker- varsılın yararına onları sömürerek!.. Yazıklı düşlemli imgetanrılar da suç ortağı olur.",Genel,Abdullah Rıza Ergüven
"Din sözcülerinin Tanrısı, düşlemlerin dipsiz kuyusu oldu. Bu kuyuya bir yığın imgelerle girdiler. Kuyudan bir kova su çıkarmadan ölünür! Düşlemlerin dipsiz kuyusu Tanrı, bir kova su çıkarmak şöyle dursun, o kuyunun kölesi insanlar yığın yığın ölüme gider.",Genel,Abdullah Rıza Ergüven
"Ulaşılmayan, yanaşılmayan, yaklaşılmayan, görülmeyen tanrılar var değildir!",Genel,Abdullah Rıza Ergüven
"İmgetanrılan imgesel olarak yaratan biz insanlarız! Yaratıcı, üretici doğanın yaratıcı, üretici tek düşünsel varlığı insandır! İnsan, insanüstü olarak değil; insan olarak insancıl görevini yüklensin yeter! İnsanın, eylemi olmayan tanrılara gereği yoktur.",Genel,Abdullah Rıza Ergüven
"Düşlemlerin imgetanrılarından kurtulmak; özgür olmak, insanlığı bilmek, insanca yaşamak demektir.",Genel,Abdullah Rıza Ergüven
"Dinler gerçek olsaydı; sayıları 20 bini aşan sektler (mezhepler) olmazdı!.. Bu dinlerin sahibi bir Tanrı olsaydı, sayıları 20 bini aşkın sektler olamayacağı gibi; imgetanrıların sayısı da kara karıncalar gibi 300 milyonu aşmazdı...",Genel,Abdullah Rıza Ergüven
"Eski çağlardan kalma salt inanca bağlı kanıtlar işlemiyor. Düşlemler, düşlemsel kurgular doğa yıkımlarına ters düşmektedir. Melekler, şeytanlar, iblisler; bu yapay yaratıklar insanlar için hiçbir gerçeğin kanıtı olamıyorlar. Yaşamın güvencesi tanrıları değil; insan oluyor, olabildiğince!..",Genel,Abdullah Rıza Ergüven
"İnsan olmadığı için Merih, Jüpiter, Uranüs vb. gezegenlerde; tanrı yaratma oyunları da yok!",Genel,Abdullah Rıza Ergüven
"Milyonlarca yıldan beri insanı koruyacak, onun yanı başında olacak; sıkıntıya, bunalıma uğrayınca ona yardım edecek bir “Tanrı” hiçbir yerde yoktur! Olsaydı, şimdiye dek çoktan gelirdi bu Tanrı!.. Milyonlar, milyonlarca yıl varolmayan; şimdi de varolamaz!",Genel,Abdullah Rıza Ergüven
"Fransızlar 1830’da Cezayir’i sömürgeleştirdi, 1839’da da İngilizler Aden’i. Tunus da böylece elde edildi 1881’de. Mısır 1882, Sudan 1848, Libya ile Fas 1912. 1920’de de Avrupa bölüşüverdi Ortadoğu’yu. Bu arada Türkiye’yi paramparça etmek istediler. Batı’nın sömürgeci belkemiği, Mustafa Kemal Atatürk’le, Türkiye’de kırıldı.",Genel,Abdullah Rıza Ergüven
"Düşlemlerin imgetanrılarından kurtulmak; özgür olmak, insanlığı bilmek, insanca yaşamak demektir. Kutsal kitaplar töreden söz ederler bol bol! İmgetanrılara töreler biçimleten, din sözcüleridir. İnsel töre, bilinmeyenle değil, bilinenle belirlenir. Peki, töreyi insanlara bir Tanrı belirlemişse, eski çağ Sumerlerinde, daha başkahaklarda uygulanan tapınak fahişeliği nedir? O zaman Tanrı yok muydu? Sonradan mı çıktı?",Genel,Abdullah Rıza Ergüven
"Eski çağlarda olmayan bir Tanrı; Musa, İsa, Muhammed dönemlerinde de olmaz? 3200-2000-1400 yıl önceleri bir Tanrı var idiyse 5-10 bin yıl önce, dahası milyonlarca yıl önce neredeydi? Örneğin Muhammed döneminde (610-632) tam 23 yıl birbiri ardı sıra esinler göndermiş olduğu savunulan bu “Allah”, daha önce neden konuşmadı, daha sonra neden susuverdi? Muhammed varsa O da vardı, Muhammed yoksa O da yoktu…",Genel,Abdullah Rıza Ergüven
"Çevre kirlenmelerinin yanı sıra, sudan nedenlerle ölüme, yıkıma, yok olmaya gidiyorlar. Bu durumlara neden olanlar, sorumlular da suçlarını örtbas etmek için de imgetanrılara yüklüyorlar!",Genel,Abdullah Rıza Ergüven
"Felaket, zekayı eğitir.",Genel,Abdülhak Hamit Tarhan
"Rezalet, fazilet olamaz.",Genel,Abdülhak Hamit Tarhan
"Yüzsüzlük, örtü istemez.",Genel,Abdülhak Hamit Tarhan
Felaket gibi hoca az bulunur.,Genel,Abdülhak Hamit Tarhan
"Deha, ebediyetlerin silsilesidir.",Genel,Abdülhak Hamit Tarhan
Uzadıkça kısalan şey; ömürdür.,Genel,Abdülhak Hamit Tarhan
Para mabud ve bankalar mabed.,Genel,Abdülhak Hamit Tarhan
Eğitimli bir insan ahlaksız olamaz.,Genel,Abdülhak Hamit Tarhan
Vatan ağlıyorken gülmek yasaktır.,Genel,Abdülhak Hamit Tarhan
Ne çare; insan hayalsiz yaşayamaz.,Genel,Abdülhak Hamit Tarhan
Ölmeden önce arkama bir it taktılar.,Genel,Abdülhak Hamit Tarhan
"Gönül bir binadır ki, mimarı muhabbettir.",Genel,Abdülhak Hamit Tarhan
"Ne ararsan bulunur, derde devadan gayri.",Genel,Abdülhak Hamit Tarhan
"Hak yiyen insan, kan içen insana özğüdür.",Genel,Abdülhak Hamit Tarhan
Kullanmasını bilenlerin elinde zehir de bir ilaçtır.,Genel,Abdülhak Hamit Tarhan
"Kötülere iyilik etmek, iyilere kötülük etmekle birdir.",Genel,Abdülhak Hamit Tarhan
"Namuslu bir insanın verdiği söz, yemin yerine geçer.",Genel,Abdülhak Hamit Tarhan
"Eyvah ! ne yer, ne yar kaldı, Gönlüm dolu ahu zar kaldı.",Genel,Abdülhak Hamit Tarhan
"Siyasiyat ile iştigal edenlerin, hissiyat ile alakaları kalmaz.",Genel,Abdülhak Hamit Tarhan
"En büyük zevkim, ümidim, neşem. Kırda seyran idi, her gün, her dem.",Genel,Abdülhak Hamit Tarhan
Kim demiş ki çocuk küçük bir şeydir. Bir çocuk belki en büyük bir şeydir.,Genel,Abdülhak Hamit Tarhan
"İdrakın yüceliğine eremiyorsanız, inkârın basitliğinden sıyrılınız!",Genel,Ahmed Hulusi
Terk edemediklerin kadar perdelisin!,Genel,Ahmed Hulusi
"Gönlünüzde yer eden sözler, biliniz ki Rabbin seslenişidir!",Genel,Ahmed Hulusi
"Sabrı terk etmeyen, gerçeğe eremez!",Genel,Ahmed Hulusi
"İnsan gibi düşünen tanrı anlayışından, Allah gibi düşünen insan anlayışına...",Genel,Ahmed Hulusi
"Güçlenen her birilerini, kullanmak üzere bekleyen daha güçlüler vardır. Güç için güçlüye sığınan köleliği seçmiştir.",Genel,Ahmed Hulusi
"Dünya yaşamı, senaryoyu yazanın hükmüdür.",Genel,Ahmed Hulusi
"TEK’i seyretmekten gaflet, tüm üzüntü, sıkıntı ve ötesinin getireceği cehennemî yanışlar; TEK’i seyir ise sonsuz mutluluğun kaynağıdır!",Genel,Ahmed Hulusi
Allah’a yakîn elde etmek isteyen beyin konusuna eğilsin ve beyni tanımaya çalışsın!,Genel,Ahmed Hulusi
"Daha beyni tanımayan, onun yaratıcısını nasıl tanır!",Genel,Ahmed Hulusi
"Eserine bak, ustayı tanı! Birini tanımak, sana yararlı mı yararsız mı olacağını anlamak istiyorsan eserine bak.",Genel,Ahmed Hulusi
"Aklını, zekanı arttıramazsın çünkü onlar beynin çalışma mekaniğiyle ilgilidir. Oysa bilgini artırabilirsin ki bu beyin kapasitesidir. Bu yüzdendir ki Kuran'da ""Rabbim, ilmimi artır"" duası önerilmiştir. İlim/bilgi/data beynin daha kapsamlı, daha büyük resmi görmesi içindir.",Genel,Ahmed Hulusi
"Zât, Esmâ'sıyla tanınır! Allâh ehlini tanıyamıyorsan, Allâh'ı nasıl tanıyabilirsin?",Genel,Ahmed Hulusi
"Çocukken, kendime ait küçücük bir denizaltım olmasını isterdim, binip derinlere, kalabalıklardan uzaklara gidebileceğim, beni insanlardan ve hayattan saklayacak, zırhıyla beni kucaklayıp koruyacak bir denizaltı. Sonra yazıyı keşfettim, yazılardan bir denizaltı yapılabileceğini.[1]",Genel,Ahmet Altan
"Doğarsın, hayatının bazı kısımlarını inşa etme özgürlüğün vardır. Ama ölümde seçme özgürlüğü yok. Yapılacak tek şey, yaşayacağın zamana mümkün olduğunca mana yükleyebilmek.",Genel,Ahmet Altan
"Türkiye’nin en karanlık, en ürkütücü, en yasadışı örgütü hangisidir derseniz, “devlet” derim.",Genel,Ahmet Altan
"Hep “öldürmeyi” amaçlayan kutsallıklar peşinde koştuk, artık bir de “yaşatmayı” amaçlayan kutsallıkların peşinden gidelim.",Genel,Ahmet Altan
"""Elin oğlu alay etmez mi? Lozan Antlaşması’yla 4.3 milyon kilometrekarelik toprağı nasıl kaybettiniz’ diye sormaz mı?""",Genel,Ahmet Altan
"""Bakın, bir sistem “slogan attı, şaka yaptı” diye çocukları mahkemelere doldurmaya başladığında artık o sistemin sonu gelmiş demektir.Bu saçmalıkların, bu manasız baskıların, bu gereksiz yasakların, bu bunaltıcı ve sıkıcı tabuların miadı doldu.""",Genel,Ahmet Altan
Ölümü bile ikinci sıraya düşüren bir durumdur aşk.[2],Genel,Ahmet Altan
"Ölümden korktuğumuzdan değil yaşadığımız, biz savaşmayı sevdiğimizden yaşarız. (Ve Kırar Göğsüne Bastırırken)",Genel,Ahmet Altan
"Tanrı kadınlara geçmişi ve geleceği, erkeklere ise yaşadığı günü armağan etti. Kadınlar geniş bir zamana yayıldıkları için huzursuz, erkekler daracık bir zamana sıkıştıkları için anlayışsız olurlar.",Genel,Ahmet Altan
"Yanımda kimse olmadığından değil yalnızlığım, yalnız olduğumu söyleyebileceğim kimse olmadığımdan yalnızım ben.",Genel,Ahmet Altan
"Ben, yirmi yıla kadar bildiğimiz türde okulun yeryüzünde kalmayacağına, bilgisayarlar sayesinde çok başka eğitim biçimlerinin ortaya çıkacağına inanıyorum.[3]",Genel,Ahmet Altan
"Sen kim olarak bütün Kürtlere emirler yağdırıp talimatlar veriyorsun, atası mısın, ağası mısın, efendisi misin? Bir keresinde övünerek söylemiştin ya, “24 saat içinde istediğimiz herkesi öldürtürüz” diye, bu mu seni hepimizden akıllı kılan? Sen “Hepiniz susun, sadece ben konuşacağım, ben akıllıyım” diyeceksin, biz de “Aman susalım yoksa bizi sokak ortasında öldürürler” deyip susacağız, sen de böylece herkesten akıllı olacaksın, öyle mi?[4]",Genel,Ahmet Altan
"Laiklik, demokrasinin yeter şartı değildir; çünkü bir insan laik olup demokrat olmayabilir. Ancak onun gerek şartıdır; laik olmadan demokrat olunamaz.[1]",Genel,Ahmet Arslan
"Her şey düşünür, haz duyar ve acı çeker.[2]",Genel,Ahmet Arslan
"Soruşturulmayan, üzerinde düşünülmeyen bir hayat, yaşanmaya değmez. İnsan, kendi hayatını inceleme kabiliyetidir. Bu olmaksızın o, hiçtir.[3]",Genel,Ahmet Arslan
"İnanma ve bilme arasında ise apaçık bir farklılık vardır. Bilinen bir şeye inanılmaz, o şey yalnızca bilinir.[4]",Genel,Ahmet Arslan
"Evrende, hatta evrenin dışında mutlak olarak iyi diye adlandırılabilecek tek bir şey vardır: O da iyi niyettir.[5]",Genel,Ahmet Arslan
"Bir din sadece bir metafizik bilgiler bütünü ve kurtuluş öğretisi değildir; aynı zamanda bu bilgilere uygun olarak davranılmasını, eylemlerde bulunulmasını isteyen ve insanlar arasındaki ilişkileri kutsal varlığın ruhuna, özüne, iradesine, emrine göre tanzim eden bir ahlak sistemidir. Nitekim bundan dolayı birçok insan dine da­yanmayan bir ahlak sisteminin var olabileceğini kabul bile etmez. Başka bazıları böyle bir imkânı kabul etmekle birlikte dinin bir ahlak sistemi olması özelliğini, onun en belirleyici özelliği olarak görürler. Spinoza dini, özü itibariyle ahlaka, doğru ahlaka götür­mek, hatta ona indirgemek isteyen filozofların başında gelir.[6]",Genel,Ahmet Arslan
"Din; insanın dünyayı bilme ihtiyacından çok, dünyaya ve onu idare eden ilkeye, Tanrı’ya, insan hayatının bir anlamı oldu­ğuna inanma ihtiyacına cevap verir.[7]",Genel,Ahmet Arslan
"Gerçekten de insanı insan yapan en önemli özelliklerinden biri herhalde onun, kendisini çevreleyen dünyayı, içinde yaşadığı toplumu, geçmişini ve bütün yanları ile bizzat kendisini tanımak ve bilmek istemesidir.[8]",Genel,Ahmet Arslan
"Komünizm, ""kapitalizmden kapitalizme"" geçişin en acıklı ve zahmetli yoludur.[9]",Genel,Ahmet Arslan
"Bir şeyi iyi olduğu için arzu etmeyiz; o, ""arzu ettiğimiz için"" iyidir.[10]",Genel,Ahmet Arslan
"İnsan ancak sanat aracılığıyla tam olarak insan olur ve gerek duyusal ihtiyaçların, gerekse akılsal zorunluluğun alanından kaçarak gerçek anlamda özgür olur.[11]",Genel,Ahmet Arslan
"Darwin’in gö­rüşü, bilimsel olarak kesin bir tarzda doğrulanmış değildir; olsa olsa bir büyük varsayım veya kuram niteliğindedir.[12]",Genel,Ahmet Arslan
Ortaçağ İslam dünyasında Yunan tarzı felsefe geleneğini başlatan ve onun ilk önemli temsilcisi olan Farabi özü itibariyle Yeni-Platoncu bir filozoftur. Bu geleneğin Farabi sonrası en ünlü temsilcisi olan ve Geç Ortaçağ Hıristiyan düşüncesi üzerindeki etkisi Farabi'ye oranla daha büyük olmuş olan İbni Sina'da bu etki daha da güçlü bir biçimde kendisini gösterir. İslam dünyasın­ da Aristoteles'e ve Aristotelesçiliğe dönüşün bayraktarlığını yapan İbni Rüşd bile bu etkiden kendini kurtaramamıştır.[13],Genel,Ahmet Arslan
"İnsanı birey insan yapan, başka insanlardan ayıran onun karakteri, kişiliği di­ye adlandırılan şeydir ve karakteri meydana getiren şey ise ne gök cisimleri­nin hareketi, ne insanın bedenini meydana getiren unsurların bileşimi, ne de anne babadan miras alınan şeydir.[14]",Genel,Ahmet Arslan
"Hıristiyanlık, temel amacı insana kendisi ve içinde yaşadığı evren hak­kında bilgi vermekten çok onu kurtarmak, kurtuluşa eriştirmek olan bir din­dir. Bununla birlikte o, bu kurtuluşu sağlamak için kendisini kabul eden in­sanların bazı şeylere inanmalarını şart koşar. İnanılmasını istediği bu şeyler Hıristiyanlığın amentüsünü, yani belli başlı inanç unsurlarını veya dogmatiği­ni oluşturur.[15]",Genel,Ahmet Arslan
En yüksek iyi sadece erdemdir ve mutluluk da sadece erdemli bir hayattan ibarettir. Bilgi özü itibariyle insanın akılsal davranışı için bir araç olma durumundadır.[16],Genel,Ahmet Arslan
"Duyusal izlenimi, duyu organının basit fiziksel bir etkilenimi (affection) olmaktan çıkararak anlamlı bir algıya (percep­tion) dönüştüren kavram veya düşüncenin kendisi olduğu gibi son tah­lilde algının güvenilirliğine ilişkin onayı veren de yine akıl veya zihindir.[17]",Genel,Ahmet Arslan
"Kötülükler iyiliklerin zıddıdır ve on­ların zorunlu olarak birbirlerine zıt bir şekilde var olmaları ve zıt­lığa dayanan bir tür karşılıklı bağımlılık içinde birbirlerini destek­lemeleri zorunludur. Hiçbir zıd, zıddı olmaksızın var olamaz. İyiler ve kötüler, talih ve talihsizlik, acı ve haz tamamen ay­nı şekilde mevcutturlar; onlar Platon'un dediği gibi tam bir zıtlıkla birbirlerine bağımlıdırlar.[18]",Genel,Ahmet Arslan
"Her duyguda veya eylemde kötüyü veya erdemsizliği temsil eden iki uç; ifrat ile tefrit, ge­reğinden çok ile gereğinden az , bir de iyiyi, erdemi temsil eden bir orta nokta, yani gereği kadar olan vardır. Örneğin korku duygusu veya et­kilenimini alalım. Bir gereğinden çok korku vardır, bir de gereğinden az korku ve bunların her ikisi de kötüdür, erdemsizliktir. Gereğinden çok korku, ödleklik, tabansızlıktır; gereğinden az korku ahmaklıktır, duyar­sızlıktır. Gereği kadar korku yani altın orta cesarettir.[19]",Genel,Ahmet Arslan
"Haz mutluluğun ölçütü veya özü, öz niteliği olamaz, ama mutluluğa eşlik eden, mutluluğun sonucu olarak ortaya çıkan bir şey olabilir. Akıl­lı bir insan haz peşinde koşan bir insan değildir, iyi ve erdemli davra­nışlarını haz verici kılmasını bilen, onlardan haz almasını bilen insan­dır.[20]",Genel,Ahmet Arslan
"Bir insa­na ""Niçin mutlu olmak istiyorsun?"" veya ""Niye mutluluğa erişmek is­tiyorsun?"" sorusunu sorduğumuzda, bu amacını bir başka ve daha ile­ri amaca başvurarak açıklamak veya haklı çıkarmak ihtiyacını duymaz. Onun bu soruya vereceği cevap ancak şu olur: ""Çünkü mutlu olmak is­tiyorum."" Kısaca mutluluk kendi kendine yeten, nihai bir amaçtır.[21]",Genel,Ahmet Arslan
"Aristoteles, bilimi meydana geti­ren bilimsel kıyasların, bilimsel akıl yürütmelerin bu ilkelerinin son tahlilde kıyasi olmayan bir yolla elde edilmesi gerektiğini kabul etmek­tedir. Bu yol, genel olarak duyuların kullanılması, gözlem ve deney ya­pılması, yani kısaca tümevarım yoludur.[22]",Genel,Ahmet Arslan
"Meydan okumanın, çatışmanın olmadığı yerde gelişme olmaz.[23]",Genel,Ahmet Arslan
"Bu özellikleriyle dinler, kimlere hitap ederler? Daha önce gördüğümüz üzere, İbn Sina'ya göre dinler daha ziyade sokaktaki insana, basit halka hitap ederler. Bu görüşe Gazzâlî tarafından yapılmış olan şiddetli hücumları göz önüne alan İbn Rüşd ise vahyedilmiş dinlerin, içlerinde seçkinler, filozoflar da olmak üzere herkese hitap ettiğini, ancak herkese kendi tarzında hitap ettiğini söylemektedir. Ona göre vahiy bütün insan gruplarını Tanrı'ya davet yollarını içerir.[24]",Genel,Ahmet Arslan
"Din, toplumsal olay­ların ortaya çıkmasında şüphesiz önemli bir faktör olmakla birlikte birinci dereceden bir aktör değildir. Asıl aktör veya faktör, insan doğasını meydana getiren güç veya kudret iradesi veya iktidar arzusudur.[25]",Genel,Ahmet Arslan
"Felsefe budur; felsefe, tikellikten kurtulmak, tümelliğe, evrenselliğe ulaşmaktır. Din, geleneğin, tikelliğin yeridir. Felsefe ise tümelliğin.[26]",Genel,Ahmet Arslan
"Bana göre Tanrı kavramını İbraniler, doğa kavramını Yunanlar, insan kavramını Hıristiyanlar veya Hıristiyanlık yaratmıştır.[27]",Genel,Ahmet Arslan
"Niye inanmıyorum? Çok basit olarak herhangi bir Tanrı’nın veya gelecek hayatın varlığı için getirilen açıklamalar, önüme konan kanıtlar hiçbir biçimde bana ikna edici gelmiyor. Benim derdim Tanrı’nın var olmadığını kanıtlamak de­ğil. Ben sadece Tanrı’nın var olduğu yönündeki iddianın bana doğru, ikna edici gelmediğini, bundan dolayı da böyle bir varlığa inanmadığımı söylüyorum. O kadar.[28]",Genel,Ahmet Arslan
"Ben sınanmış, denenmiş, başarılı sonuçlar vermiş şeylerle ilgilenirim; çarpıcı görünen ama sonuçları şüpheli, ne işe yaradığı anlaşılmayan şeylerle değil.[29]",Genel,Ahmet Arslan
İslâm'da Aristoteles’in veya Stoa’nın ahlakı gibi bir “erdem ahlakı“ ’na imkân ve gerek yoktur. İslâm ahlakı bir pozitif emir ve yasaklar ahlakıdır.[30],Genel,Ahmet Arslan
"İmân kanıtlanamaz, kişiseldir. Tamamen ruhla ilgili birşeydir. Akla uygun olan din olmaz. Akla uygun olan imân olmaz.[31]",Genel,Ahmet Arslan
Bu dünyada bir yürek kaldım.,Genel,Ahmet Erhan
Bir demli çayla kandırırdık acıyı.,Genel,Ahmet Erhan
Mutluluk çocuklara mahsustur.,Genel,Ahmet Erhan
Siz hiç tek başınıza öldünüz mü?,Genel,Ahmet Erhan
Hayat karşısında yorgunum artık.,Genel,Ahmet Erhan
Solgun bir çiçek gibi sızlıyor bedenim.,Genel,Ahmet Erhan
"Yurdum gibi yaralıyım.Ne eksik, ne fazla.",Genel,Ahmet Erhan
"Kırlara değil, mezarlıklara çıkıyor yolumuz.",Genel,Ahmet Erhan
Bir tek düşmanı olmadan da yenilirmiş insan.,Genel,Ahmet Erhan
Keşke kaçsam Keşke kaçabilsem şu dünyadan.,Genel,Ahmet Erhan
"Ölümseyerek bakıyor dünya, biz gülümseyelim.",Genel,Ahmet Erhan
"Vakitsiz açan çiçeklerin, vakitli doğan çocukların Ölümünü gördüm.",Genel,Ahmet Erhan
"Kitapların altını çizerek okumak, bir tarlayı sürmek gibi bir şeydi o zamanlar.",Genel,Ahmet Erhan
Bugün oturdum ölümü düşündüm. Yirmi yaşında ve hayat bu kadar güzelken.,Genel,Ahmet Erhan
"Bana bir çelenk yap kardeş, Üstüne de bir şey yazma, Ölüler okumayı bilmez ki.",Genel,Ahmet Erhan
Ne çok yürüdüm şu dünyada Ne kadar az yol aldım Acının alfabesindeyim daha.,Genel,Ahmet Erhan
"Yalnızlık, yalnızlık Bari sen elimden tut. Ölümse ölüm Yaşamsa yaşam Ayna, hep aynı ayna.",Genel,Ahmet Erhan
Alacakaranlık yok artık bu dünyada Yok bulanık deniz Bir yanda o katiller duruyor çünkü Öte yanda biz!,Genel,Ahmet Erhan
"Karanlık, alabildiğine karanlık kentimin üstünde, ülkemin üstünde. Tutacak bir dalımız kalmadı mı artık?",Genel,Ahmet Erhan
Bütün hayatlar tek bir çizginin üstünde Birdenbire birleşti ülkemde. Herkes birbirinin yüzüne sorar gibi bakıyor: Bugün kim ölecek?,Genel,Ahmet Erhan
Benim için artık Yaşar Nuri (Öztürk) bitmiştir.[1],Genel,Ahmet Hakan Coşkun
"Vejetaryen olup kurban olayına kökten karşı çıkarsın... Anlarım. Balık bile yemeyip tek bir hayvanın bile kesilmesine itiraz edersin... Anlarım. Kendini tamamen nebatata verip “Hayvanları rahat bırakın” dersin... Anlarım. Et gördüğünde midesi kalkanlardan olup “Tavuk bile kesilmesin” dersin... Anlarım. Ancak... Hem nar gibi kızarmış et karşısında kendinden geçeceksin, hem de “Hayvanlara yazık oluyor” edebiyatı yapacaksın. Hem etin her türlüsünü afiyetle tüketeceksin, hem de “Ben var ya, kurban olayına acayip karşıyım” diye tutum alacaksın. Hem “hayvanın en güzel yeri” konusunda nutuklar attıracaksın, hem de “Şu Kurban Bayramı çok vahşi” diyeceksin. İşte bunu... Asla ve kat’a anlayamam! [2]",Genel,Ahmet Hakan Coşkun
Her an vejetaryen olabilirim.[3] (07 Mar 2013),Genel,Ahmet Hakan Coşkun
"Şiir, resullerin sözü gibi, muhtelif teşrifata müsait bir vüs'at ve şümulü hâiz olmalı. Bir şirin manası diğer bir mana olmaya müsait oldukça her okuyan ona kendi hayatının da manasını izafe eder ve bu suretle şiir, şairle insanlar arasında müşterek bir teessür lisanı olmak pâyesini ihraz edebilir. En zengin, en derin ve en müessir şiir herkesin istediği tarzda anlayacağı ve binaenaleyh nâ-mütenâhî hassasiyetleri isti'âb edecek bir vüs'ati olandır. Mahdud ve münferit bir mananın çemberi içinde sıkışıp kalan şiir, hududu, beşeri teessürâtinin mahşerini çeviren o mübhem ve seyyâl şiirin yanında nedir?[1]",Genel,Ahmet Haşim
"Seyahat, hele deniz seyahati, ruhun bütün dertlerine devadır.",Genel,Ahmet Haşim
İstanbul'dan uzak kaldığım sürece özellikle pire ve tahta kurusunun hasretini çekmiştim.,Genel,Ahmet Haşim
Ahmaklığın bu derecesi hakkında fikir beyan etmek ancak tıbbın ilgi alanına girer.,Genel,Ahmet Haşim
"İntiharlar tekrar çoğaldı. İhtiyarları açlık, gençleri aşk ölüme sürüklüyor.",Genel,Ahmet Haşim
"Üzüntüm, dayanma yeteneğimi geçmişti.",Genel,Ahmet Haşim
Ne yazık ki gövdenin güçsüzleşmesi aklın olgunluk zamanına rastlar.,Genel,Ahmet Haşim
Çölde yolunu şaşıranlar gibi biz şimdi zaman içinde kaybolmuş kimseleriz.,Genel,Ahmet Haşim
Gelişmiş bir zihnin tamamlayıcısı artık zengin bir lehçedir.,Genel,Ahmet Haşim
"En akla gelmez şeylerden saadet ve felaketi, iyiliği ve fenalığı yapıyor.",Genel,Ahmet Haşim
"Herkes bilir ki kadın modaları bahsinde Paris şehri, dünyanın başında yürür.",Genel,Ahmet Haşim
"Işığı kafası, gönlü, bilgisi, ruh hali içinde görüyor. Işığı, ona kendi ışığını tutarak görüyor. İnsanla ortaya çıkan, insan gözüyle görülen ışıktan dem vuruyoruz. Işığı da ışıkla görebiliyor insan: İçindeki ışıkla.",Genel,Ahmet İnam
"Eskiden (bana) ""komünist"" derlerdi, şimdi ""liberal"" diyorlar. Liberallik, artık devlet düşmanlığı yerine geçiyor. Küfür niyetine. Fikrine katılmadıklarını, sosyalistleri, özgürlükçüleri ""liberal sepeti"" içine koyma kolaycılığına kaçanlar, bazen bana da ""liberal"" ya da ""ikinci cumhuriyetçi"" diyor.[1]",Genel,Ahmet İnsel
"Hrant’ın hakkında Türklüğe hakaretten açılan davanın yanında 2006’da bir başka kampanya daha başlatıldı. İstiklal Marşı’nda “Kahraman ırkıma bir gül” mısrasındaki ırk kelimesini eleştirmesine karşı Milliyet’te Taha Akyol, söz konusu kelimenin “ırk”ı değil, şiir ahengi için kullanılmış edebi bir ifade olduğunu iddia etmekle yetinmeyip “milli sembollere saygılı, özenli olmak gerektiği” konusunda uyarıda bulundu. Ekrem Dumanlı da, Zaman’da “Kışkırtıcı söylemler olmasa, milliyetçilik, kafatasçılığa doğru kayar mı hiç?” diye sorup “Aşırı milliyetçilik asıl gücünü milliyetçiliğin yükselmesinden endişe duyan kişilerin tahrikinden alıyor olmasın” gibi ilginç bir iddia dile getiriyordu. Dolaylı biçimde, milliyetçiliğin yükselmesinden endişe duyanları aşırı milliyetçiliği beslemekle suçluyordu.[2]",Genel,Ahmet İnsel
"Önceden Afrika'ya gelen vatandaşlarımız niye buradayız derken, şimdikiler artık 'iyi ki Afrika'dayız' diyor ve bağlarını koparmak istemiyor.[1]",Genel,Ahmet Kavas
"Avrupalılar 16. yüzyılda Afrika’yı adım adım işgal edip her tarafını sömürgeleştirme niyetiyle giriş yaptıklarında karşılarında yerel güçlerin dayanamayacaklarını biliyorlardı. O yerel güçler de gelen Avrupalılar karşısında, Avrupa darbesi karşısında o gün, o asır, en büyük ve de yegane desteğin Osmanlı’dan olacağını bildiklerinden dolayı Osmanlılar 16. yüzyılda bugünkü Mısır’dan Cebelitarık Boğazı’na kadar olan Kuzey Afrika hattında ve Kızıl Deniz havzasında hem Arap Yarımadası sahilleri hem de Afrika’nın doğu sahillerini güven altına aldılar o 16. yüzyıl boyunca. Bu yüzyıl aslında Afrika’nın büyük bir kurtuluş asrıdır.[2]",Genel,Ahmet Kavas
Atatürk hakkında öyle konuşulmaz. Caiz değildir.[1],Genel,Ahmet Mahmut Ünlü
"""İslam'da kölelik, cariyelik yok!"" diyen ne olur? Stalin gibi kâfir olur! Çünkü Kur'an'da, ellerinin sahip olduğu köle ve cariyeler hakkında dolu ayet var. Bu kadar ayeti nasıl sen inkar edersin ya?![2]",Genel,Ahmet Mahmut Ünlü
"Yahudi, Hristiyan cennete giremez! Hak din İslam'dır. Allah'ın gönderdiği son peygambere inanmıyorsan, öncesinde neye inandığın önemli değil.[3]",Genel,Ahmet Mahmut Ünlü
"Fethullah Hoca grubu nezih bir cemaattir. Hocaefendi'ye saygı duyarım. Mahmut Efendi de kendisini sever, sayar, laf söyletmez. Bunun şahidiyim.[4][5]",Genel,Ahmet Mahmut Ünlü
"Biz, hocaefendiye; Fethullah diye hitap edemeyiz. Biz Mahmut Efendi Hazretlerine mensubuz. Biz efendiden duyduk ki; birisi Fethullah dedi, efendi orda dedi ki, ikaz etti; Hocaefendi söyle![6]",Genel,Ahmet Mahmut Ünlü
Terbiyesizlik yapıp Fethullah filan dememiz caiz değildir.[6],Genel,Ahmet Mahmut Ünlü
"Hayvanlara eziyet edilmesi dinimizde çok büyük haram. Eziyet edenler cehennemde yaptıkları eziyet cinsinden azaplar görecektir. Hayvanın hayvanda hakkını bırakmayan Allah, hayvanın insandaki hakkını bırakır mı?!Hayvanlara eziyet edilmesine çok üzülüyorum. Köpeği bağlamış arabanın arkasına, arabaya yetişebilir mi köpek?! Ayağı kırıldı hayvanın. Öbürü kediye eziyet ediyor, öbürü kesip doğruyor. Bunlar çok büyük haram. Caiz değil. Bunun kanunlardaki ceza-i müeyyidesini bilmiyorum ama İslam’a göre cezası cehennemdir.[7]",Genel,Ahmet Mahmut Ünlü
"Mars'ta su var mı? Et var mı, but var mı? Manyak manyak işler. Ben sana söyleyeyim, sen oraya çıkamadan dünya kopacak.[8]",Genel,Ahmet Mahmut Ünlü
"Ben diyorum cehennem çok pahalı cennet bedava gelen yok. Kumar para, içki para, zina para; namaz kaç para?[9]",Genel,Ahmet Mahmut Ünlü
"Adam tutturdu sen Mehdi misin diye? Ya benden Mehdi olur mu? Şekerim tavan, her yerim dökülüyor. Benden Mehdi olursa vay ümmetin haline...[10]",Genel,Ahmet Mahmut Ünlü
Adama soruyorum: Neden namaz kılmıyorsun? Diyor ki: Şimdilik düşünmüyorum hocaefendi. Mübarek sanki evlenme teklif ettik.[11],Genel,Ahmet Mahmut Ünlü
Ben öldükten sonra kabrime gelip hoca haklıymış dersiniz ama iş işten geçmiş olur.[12],Genel,Ahmet Mahmut Ünlü
"Dün yaptığınız şey size hala çok iyi görünüyorsa, bugün yeterli değilsiniz demektir.[13]",Genel,Ahmet Mahmut Ünlü
"Biz konuşmaya devam ederiz. İsteyen sever, isteyen söver.[14]",Genel,Ahmet Mahmut Ünlü
"Ey ümmet, sizin için bilmedikleriniz hususunda korkmuyorum, lakin bildiklerinizi nasıl tatbik ediyorsunuz, ona dikkat edin![15]",Genel,Ahmet Mahmut Ünlü
Adam çıkmış benim sakalıma anarşist sakalı diyor! Ya ne anarşist sakalı? Bu Muhammed Mustafa (s.a.v)’in sakalı.[16],Genel,Ahmet Mahmut Ünlü
"Diyalogçuların amacı, Yahudi ve Hristiyanları da “cennete” sokmaktır. Fare yuvasına sığmamış, kuyruğuna da süpürge bağlamış.[17]",Genel,Ahmet Mahmut Ünlü
Edison’un ampulünü anlata anlata bitiremediler. Allah’ın güneşinden haberleri yok.[18],Genel,Ahmet Mahmut Ünlü
"Gençken işim var, yaşlıyken çişim var. Prostat oldu camiye gelemiyor. Gençken gelme, ihtiyarken gelme, ölünce geleceksin musallaya. Soracak hoca: Nasıl bilirdiniz? Camide hiç görmedik ki herifi, nasıl bilelim?[19]",Genel,Ahmet Mahmut Ünlü
Fatih Sultan Mehmet 21 yaşında İstanbul’u fethediyor. Çağ açıp çap kapatıyor. Bizimkiler 21 yaşında evin yolunu bulamıyor.[20],Genel,Ahmet Mahmut Ünlü
"Hocam Cübbeli ismi nereden geliyor? Terzi dükkanında 3 tane Ahmet olunca onlar da cübbe giymeyince ayırsınlar diye, hangi Ahmet? Cübbeli Ahmet oldu. Kalışı buradandır.[21]",Genel,Ahmet Mahmut Ünlü
"Aşure de yemeseniz, Hicri Yılbaşı’ndan haberiniz olamayacak.[22]",Genel,Ahmet Mahmut Ünlü
"Ben bir hadis söylerken 40 kaynağa dayanıyorum, adam kalkmış kaynaksız duvara dayanarak konuşuyor.[23]",Genel,Ahmet Mahmut Ünlü
Dokuz yaşından beri vaaz ediyorum. Bu güne kadar vaaz’dan para almak nasip olmadı. Rabbim bundan sonra da nasip etmesin.[24],Genel,Ahmet Mahmut Ünlü
"Ancak, magazin, magazin. Sıfırı tüketmiş adamlar reyting yapmak için. İlmi yok, bir şeyi yok! Seviyesiz seviyesiz...[25]",Genel,Ahmet Mahmut Ünlü
"Ben diyor: ‘Ayn’ları şöyle çıkartırım, tecvidim iyidir’. Bize de diyorlar: ‘Ayn çıkartabilir misin?’ Biz de diyoruz ki, vakit müsait (Cübbeli Hoca burada okkalı bir ‘ayn’ çıkartıp cemaati güldürüyor) değil’ Benim vaktim mi var senin gibilerle uğraşmaya?[26]",Genel,Ahmet Mahmut Ünlü
Adam bana silah çekse ben de ona silahımı çekerim. Siz şimdi dersiniz ki hoca silah mı taşıyor? Benim silahım kelime-i şehadet.[27],Genel,Ahmet Mahmut Ünlü
Mazlumun duasından sakının. Çünkü onun duasıyla Allah arasında perde yoktur.[28],Genel,Ahmet Mahmut Ünlü
"Bana, arkandayız hocam, arkandayız! diyorlar... Ee mübarek, biri de önümüze siper olsun yaa...[29]",Genel,Ahmet Mahmut Ünlü
"Sen karı kız düşününce şirk olmuyor da, ben Allah ve Resulünü düşününce mi şirk olacak? (Vahhabilere ithafen) [30]",Genel,Ahmet Mahmut Ünlü
"İlim ancak cehaleti giderir, ahmaklığı değil! Peki Ahmak kime denir? Ahmak, hata yapan değil, hatada ısrar edendir..[31]",Genel,Ahmet Mahmut Ünlü
"Beni sevmiyor, sevmesin beni sevmek iman şartı mı ki? Sevmeyince gavur mu olacak?[32]",Genel,Ahmet Mahmut Ünlü
Size sorsak Resulullah’ı ne kadar çok seviyorsunuz? Hepiniz canımızdan çok seviyorum dersiniz. Ondan sonra da her naneyi yersiniz.[33],Genel,Ahmet Mahmut Ünlü
"Adam ölünce gazetede yayınlatıyorlar, “Ebedi istirahatgahına gitti”. Ne biliyorsun “ebedi ıstırapgahına” gitmediğini?",Genel,Ahmet Mahmut Ünlü
"Günde 24 bin nefes alıyoruz. Şimdi bu kadar nefesi alırken kimse yorulmuyor, uyurken bile canım çıktı nefes almaktan diyen yok..[34]",Genel,Ahmet Mahmut Ünlü
Bir soru sorarsınız bilmiyorum diyebilirim. Hadiste diyor ki: Bilmiyorum demek ilmin yarısıdır.[35],Genel,Ahmet Mahmut Ünlü
"Hodri meydan çekiyor bana! Yav, meydan nerede ki hodri yapıyorsun sen! Meydan yok ki! Senin alanın dar! Sen ne biliyorsun da ne konuşacaksın?[36]",Genel,Ahmet Mahmut Ünlü
"Adam diyor: Kızgınlığım geçmedi, illa bu karıyı keseceğim. Ne kesiyorsun? Sen ya! Pırasa mı bu? [37]",Genel,Ahmet Mahmut Ünlü
Sabredersen evliya olursun. Sabretmezsen eşkıya olursun.[38],Genel,Ahmet Mahmut Ünlü
"Kendini beğeniyor da, kendisini yaratanı, Allah'ı, şeriatını beğenmiyor![39]",Genel,Ahmet Mahmut Ünlü
Ben helal olan her şeye binerim. Yarın füze de çıksa binerim. Ondan sonra aaa ne bakacaksın bana el sallarım giderim...[40],Genel,Ahmet Mahmut Ünlü
İslam’a karşı yapılan en büyük darbe Atatürk 1938 yılında ağır hasta iken İsmet İnönü’nün tasallutudur.[41],Genel,Ahmet Mahmut Ünlü
Her hıyarım var diyene tuzlukla koşulur mu? [42],Genel,Ahmet Mahmut Ünlü
"Sagopa Kajmer, çok kültürlüdür. Bestelerinin içerikleri düşündürücüdür, şirk içermez. Kültürü de var. Fars dili edebiyatı mezunu... Çok okumuş. Hassasiyetler onda oluştuktan sonra, kadere falan söven, şirk lafzı içeren şeyler yapmaz. Müstehcen, kadının ağzını, dudağını tasvip eden şeyler yapmaz. Helal, haram hududu var. Besteyi de kendi yapıyor.[43]",Genel,Ahmet Mahmut Ünlü
Bilgisizlik koca bir ulusu tutsaklığa sürükler.,Genel,Ahmet Mithat
"Sağlıklı olmak, hayat kavgasında başarının birinci şartıdır.",Genel,Ahmet Mithat
"O şehvet denilen şey yok mu? Çok kötü bir şeydir; ama gerçekten pistir. ""Aşkın ruhu"" denilen hayali kişiliğin temiz elbisesi, kötü şehvet ile kirlenince zevki kaçar; fakat o zaman hırslı insanın gözlerine perde çektiği için, adam o lekeyi göremez.[1]",Genel,Ahmet Mithat
"Bir saati vakti geldi mi kurmalı; durmuş bir saat kurunca işler, ama duran bir insanı kurup işletemezsin.[1]",Genel,Ahmet Muhip Dıranas
"Tarih galerisinde, büyük insanlar adı altında, sıra sıra kurulmuş kişilerin yüzlerini bir sıyır bakalım, altlarından ne çıkacak: Çıkarcılığın çirkin yüzü hep![1]",Genel,Ahmet Muhip Dıranas
"Parayı, para için erdemlerine, onurlarına varıncaya kadar her şeylerini verebilenlere bırakalım.[1]",Genel,Ahmet Muhip Dıranas
"Hava karardıkça mangal ateşleri nasıl daha parlak görünürse, ömrün akşamına doğru anılar da öyle parlak görünüyor.[1]",Genel,Ahmet Muhip Dıranas
"Mimar Sinan iki şeye çok güveniyordu. Biri taşın gücü diğeri de matematiğiydi. Bize matematik ve taşla, harç kullanarak yaptığı yalın bir kütle bıraktı. Ama bu taş üzerinde düşünmeye ve kurcalamaya değer bir taş.[1]",Genel,Ahmet Murat Özel
Yıldızlara dokunamazsınız ama karanlık gecelerde onlar size yol gösterir.,Genel,Ahmet Şerif İzgören
"Nereye gideceğini bilmiyorsan, hangi yoldan gittiğinin önemi yoktur.",Genel,Ahmet Şerif İzgören
Hayaller Tombulsa hedef oluyorlar:,Genel,Ahmet Şerif İzgören
"Hayatı 100m yarışı gibi gösterirler, sadece kazanan adamı gösterirler.100m Yarışında arkada 8 kişi vardır. Bunları hiç göstermezler, en öndeki adamı gösterirler.",Genel,Ahmet Şerif İzgören
Neye ihtiyacınız olduğu ne kadar zengin olduğunuzu gösterir.,Genel,Ahmet Şerif İzgören
"Fizikte bir kural vardır, bir şey aynı anda 2 yerde bulunamaz. Beyniniz olumsuz düşüncelerle kaplıyken olumlu düşüncelere yer yoktur, olumlu düşüncelerle kaplıyken de olumsuz düşüncelere yer yoktur.",Genel,Ahmet Şerif İzgören
"İnsanın 2 seçeneği vardır, ya bütün gün karanlığa küfredersiniz ya da güneşe yürürsünüz.",Genel,Ahmet Şerif İzgören
Bedava peynir sadece fare kapanında olur.,Genel,Ahmet Şerif İzgören
"Çıkar ilişkimiz yoksa, insanların yüzüne bakmıyormuşuz..",Genel,Ahmet Şerif İzgören
"Eğitim, belli bilgileri empoze etmek değildir, onun adı propagandadır. Eğitim, insanların hayalgücünü büyülemektir.Ya bizdeki bakanlığın adını değiştirmek lazım, ya da yapılan şeyi değiştirmek lazım.",Genel,Ahmet Şerif İzgören
"Osmanlı'nın en övündüğümüz noktası nedir diye bana sorsanız, kardeş katli meselesidir diyorum. En övündüğüm benim. (Kardeş katli) en gurur duyduğum yönüdür benim. Neden, biliyor musun? Sizin için, benim için, milleti için, devleti için, dini için kendi kanından vermiş. Bu büyük bir fedakarlıktır.[1]",Genel,Ahmet Şimşirgil
"Paylaşmak bizim ceddimizin en büyük hasleti idi. Onlar sadece hayatlarında etini ekmeğini paylaşmazlardı. Ayrıca kurmuş oldukları vakıflarla öldükten sonra dahi bu paylaşımı devam ettirmeyi bilmişlerdi. Vakıfları manası bu bakımdan son derece mühimdir.[2] 10 Mayıs 2020 tarihinde Türkiye gazetesinde yayınlanan ""Osmanlının dünyaya bakışı"" başlıklı yazısından",Genel,Ahmet Şimşirgil
"Tarihi bilmemek ondan ders ve ibret alamamak ne kadar kötü. Devletler için tarihte yüz sene, üç yüz sene, beş yüz sene o kadar kısa anlar ki. Bugün bir kısım devlet adamlarımız, “Libya’da ne işimiz var” diyorlar. Bunların zihniyetindekiler yüz sene önce de, “Rumeli’de ne işimiz var”, “Yemen’de ne işimiz var” diyorlardı. Sonunda Anadolu’da hapsoldular.[3] 17 Ocak 2020 tarihinde Türkiye gazetesinde yayınlanan ""Libya, 500 yıl önce de yardım istemişti!"" başlıklı yazısından",Genel,Ahmet Şimşirgil
"Bugün tarihî günlerden birini yaşıyoruz... Fatih Sultan Mehmed Han’ın emaneti olup Türk milletine ebediyen vakfetmiş bulunduğu Ayasofya Camii tekrar asli vasfına kavuşmuş bulunuyor. Ayasofya Camii yolunu açan Danıştay 10. Daire Başkanı Yılmaz Akçil Bey ve üyeleri ile hiçbir dış baskıyı düşünmeden onu asli hâline döndüren Sayın Cumhurbaşkanımızı bir kez daha gönülden tebrik ediyorum.[4] 24 Temmuz 2020 tarihinde Türkiye gazetesinde yayınlanan ""Yeni bir tarih yazıldı!"" başlıklı yazısından",Genel,Ahmet Şimşirgil
"Türkiye, yıllardır Azerbaycanlılarla “tek millet iki devletiz” sözünün gereği olarak can kardeşlerimizin sonuna kadar yanında olacağını beyan etmiş olup bunun gereklerini yerine getirmektedir. Millet olarak da dualarımızdan eksik etmemeliyiz…[5] 2 Ekim 2020 tarihinde Türkiye gazetesinde yayınlanan ""Oğuz vatanı: Karabağ"" başlıklı yazısından",Genel,Ahmet Şimşirgil
"Dinin özü iyilik yapmak, kötülükten kaçınmaktır.",Genel,Ahmet Taner Kışlalı
"Kemalizm, geçmişin bekçiliği değil geleceğin öncülüğüdür.",Genel,Ahmet Taner Kışlalı
"Eğer Çillerler, Birdallar, numaracı cumhuriyetçiler demokratsa, ben demokrat değilim. Çünkü onlarla aynı sıfatı taşımaktan utanıyorum! ""Ben Demokrat Değilim"" başlıklı yazısından.",Genel,Ahmet Taner Kışlalı
Bildiğimiz gericiliğin adı artık yeni ilericilik olmuştu. İkinci Cumhuriyetçiler için söylediklerinden.,Genel,Ahmet Taner Kışlalı
"Türkiye'nin demokrasiyle yönetilen ve çağı yakalama şansına sahip tek Müslüman ülke oluşunda, laiklik ilkesini benimsemiş oluşunun rolü olmadığını söylemeye olanak var mıdır?",Genel,Ahmet Taner Kışlalı
"Türkiye’de yaşayan ve kendisini toplumdan sorumlu hisseden herkesin, Kemalizm, laiklik ve demokrasi bağlantısını iyi kurması gerektiğine inanıyorum.[1]",Genel,Ahmet Taner Kışlalı
"Eğer Türkiye'de bir din devleti kurmak istiyorsanız, Mustafa Kemal'e saldırmanız elbette ki tutarlıdır.",Genel,Ahmet Taner Kışlalı
"Eğer Türkiye'nin bir bölgesini ayırıp ırkçı bir devlet kurmak peşindeyseniz, Mustafa Kemal'e saldırmanın elbette tutarlı bir yanı vardır.",Genel,Ahmet Taner Kışlalı
"Ama ""çağı yakalama"" arayışında görünürken aynı şeyi yapmaya kalkarsanız; belki - her garip şeyi yapanlara olduğu gibi - bazı dikkatleri üzerinize çekersiniz, ama inandırıcı olamazsınız.[2]",Genel,Ahmet Taner Kışlalı
Sokaktaki adama küfreden suçludur.,Genel,Ahmet Taner Kışlalı
"Doğru anlamak, “doğru tepki”nin ilk koşuludur.",Genel,Ahmet Taner Kışlalı
Laiklik Aklın iman karşısında özgürleştirilmesidir.,Genel,Ahmet Taner Kışlalı
"Türk kadını, erkekle eşit düzeydeki haklarını yitirdi.",Genel,Ahmet Taner Kışlalı
"“Aydın”, kendini toplumdan sorumlu sayan insandır.",Genel,Ahmet Taner Kışlalı
"Demokraside çoğunluk yönetir, ama azınlık susturulmaz.",Genel,Ahmet Taner Kışlalı
Demokrasi bir yaşam biçimidir. Yaşanmadan öğrenilemez!,Genel,Ahmet Taner Kışlalı
"Türk Ulusu dediğimiz şey, bir ırkın değil, ortak kültürün adıdır.",Genel,Ahmet Taner Kışlalı
Atatürk'ün Amacı; Devleti dinin egemenliğinden kurtarmaktı.,Genel,Ahmet Taner Kışlalı
"Geri kalmış ülkelerde ilk dikkati çeken özellik, orta sınıfların zayıflığıdır.",Genel,Ahmet Taner Kışlalı
"Çünkü, düşünceler, ancak doğrulara oturduklari zaman güç kazanırlar!...",Genel,Ahmet Taner Kışlalı
Türkiye’de Kemalizm’ den soyutlanan bir sol partinin başarı şansı yoktur!,Genel,Ahmet Taner Kışlalı
Antidemokratik yöneticiler kendilerini atar ve halka bunu onaylatmak ister.,Genel,Ahmet Taner Kışlalı
"Bir yanda toplumsal adalet, öte yanda emeğin ve toplumsal çıkarların önceliği.",Genel,Ahmet Taner Kışlalı
Geri kalmış ülkelerin genellikle kıt olan kaynakları içinde en bol malzeme insandır.,Genel,Ahmet Taner Kışlalı
"Yetenekli azınlıkların ülkeyi yönetmeleri, demokrasinin kusuru değil, güvencesidir.",Genel,Ahmet Taner Kışlalı
"Türk ekonomisi, askeri kadroların tek başına yürütemeyecekleri kadar komplekstir.",Genel,Ahmet Taner Kışlalı
"Lâiklik, genel anlamda toplum ve devlet düzeninin akla ve bilime dayandırılmasıdır.",Genel,Ahmet Taner Kışlalı
"Atatürk, ölümünden iki yıl önce şöyle demişti: ""Türkiye Cumhuriyeti’nin temeli kültürdür.",Genel,Ahmet Taner Kışlalı
"Bu topluma kötülük edenler laiklik yanlıları değil, laikliği “dinsizlik” olarak karalayanlardır.",Genel,Ahmet Taner Kışlalı
Kuvvetlerin ayrılmadığı ve özgürlüklerin güvence altına alınmadığı yerde anayasa yoktur.,Genel,Ahmet Taner Kışlalı
"Sayısal çokluk, ancak bilinçli ve örgütlü olduğunda toplumsal ve siyasal bir güce dönüşür.",Genel,Ahmet Taner Kışlalı
"Eğer siyasal iktidar, koruyacagi yerde halkın doğal haklarını cignerse, devrim hakkı doğar.",Genel,Ahmet Taner Kışlalı
Laiklik din adına baskı yapmak zor kullanmak isteyenleri devre dışı birakmak anlamına gelir.,Genel,Ahmet Taner Kışlalı
"Hep aynı şeyi duyan insanlar, giderek onun dışında bir doğrunun bulunabileceğini bile unuturlar.",Genel,Ahmet Taner Kışlalı
"Eğer Türkiye'de bir din devleti kurmak istiyorsanız, Mustafa Kemal'e saldırmanız elbette ki tutarlıdır.",Genel,Ahmet Taner Kışlalı
"Demokrasi, azınlıkta olanların da güvence altına olduğu, özgürlüklere saygılı bir çoğunluk yönetimidir.",Genel,Ahmet Taner Kışlalı
"Şeriatçıya, her türlü propaganda serbest ama bilim adamına, yazara, her düşüncesini söylemek yasak!...",Genel,Ahmet Taner Kışlalı
"Sönen her mumun ardından onlarcasını yakın. Mumlar değil, karanlık isteyenlerin nefesleri tükenecektir.",Genel,Ahmet Taner Kışlalı
"Altmış yıl öncesinin Türkiyesi ile bugünkünü kıyaslayın... ""Gaflet""in ya da ""ihanet""in boyutlarını anlarsınız.",Genel,Ahmet Taner Kışlalı
"Gençlik sesini yükselttiğinde değil, asıl sustuğu, pıstığı zaman endişelenmek gerekir. Ülkenin geleceği için!",Genel,Ahmet Taner Kışlalı
"Hiçbir düşünce silahla yok edilemedi, edilemeyecek de... Silah değil, kalem kullanıyoruz. Hem de en yüreklisinden...",Genel,Ahmet Taner Kışlalı
"Türk halkı, Kuran’ı Türkçe olarak okuyup öğrenebilme olanağına, ancak laik cumhuriyet döneminde sahip olabilmiştir.",Genel,Ahmet Taner Kışlalı
"Demokrasinin ön koşuludur; çünkü Laiklik olmadan gerçek bir düşünce özgürlüğü, gerçek anlamda bir özgür seçim olamaz.",Genel,Ahmet Taner Kışlalı
"Ancak, kendi kendilerini yonetemeyenler, başkaları tarafından yönetilmeye ya da yonlendirilmeye davetiye çıkarmış demektir.",Genel,Ahmet Taner Kışlalı
"Herkesin kendi kimliğini geliştirmekte özgür olması, demokrasinin bir gereğidir. Ama devletin görevi de ortak kimliği geliştirmektir.",Genel,Ahmet Taner Kışlalı
"Barışçı yollardan sağlanamayan etkinin yasa dışı yollardan sağlanmasına çalışılması, aynı zamanda bir umutsuzluğun ifadesi olabilir.",Genel,Ahmet Taner Kışlalı
"Eğer Türkiye'nin bir bölgesini ayırıp ırkçı bir devlet kurmak peşindeyseniz, Mustafa Kemal'e saldırmanın elbette tutarlı bir yanı vardır.",Genel,Ahmet Taner Kışlalı
"Dine saygılı olmak başka, kendi dar görüşleri dışındakileri dinsiz sayanlara saygılı olmak başkadır. Saygısıza saygı duymak ise öyle zordur ki!",Genel,Ahmet Taner Kışlalı
"Bu ülkede Atatürk’ü yıkarak olumlu birşeyler yapabileceğini sananların, kendi küçük dünyaları içinde büyük bir yanılgıyı yaşadıklarını sanıyorum.",Genel,Ahmet Taner Kışlalı
Demokraside halk güvendiği bir önder seçer. Seçilen önder 'Şimdi kesin sesinizi ve bana itaat edin.' der. Artık halk ve parti onun işine karışamazlar.,Genel,Ahmet Taner Kışlalı
"Hangi toplum olursa olsun yöneten halk değildir. Demokrasilerin farkı, halk tarafından yönetilmekten doğmaz, halk için yönetilmekten kaynaklanır.",Genel,Ahmet Taner Kışlalı
"Bugün 'nasıl bir eğitim sistemi , nasıl bir üniversite' sorusu tartışılıyor. ama eğitimin temel gereği olan gencin, o sistem içindeki yerini düşünen çok az.",Genel,Ahmet Taner Kışlalı
"Demokratik kültürün gelişmediği bir toplumsal ortamda, kültürel değişikliği kabul ettirmenin yolu ise baskıcı yöntemlerden ve araçlardan geçmektedir.",Genel,Ahmet Taner Kışlalı
"İnsan malzemeniz iyi ise kötü sistemle de iyi sonuç alabilirsiniz. Ama kötü ise yapabileceğiniz en akıllıca şey, o insanları en iyi sınırlayacak sistemleri bulmaktır.",Genel,Ahmet Taner Kışlalı
"Ülkesinin bağımsızlığını pazara çıkaranlar, laik türkiye cumhuriyetinin temellerini sarsanlar ve onların destekçileri demokrat sayılıyorlarsa, ben demokrat değilim.",Genel,Ahmet Taner Kışlalı
"Birincisi; farklı inançtan insanların barış içinde bir arada yaşamalarını sağlamak. İkincisi; değişen koşullara, aklın ve bilimin ışığında çözüm arama yolunu açık tutmak.",Genel,Ahmet Taner Kışlalı
"Türkiyenin demokrasiyle yönetilen ve çağı yakalama şansına sahip tek müslüman ülke oluşunda, laiklik ilkesini benimsemiş oluşunun rolü olmadığını söylemeye olanak var mıdır?",Genel,Ahmet Taner Kışlalı
"Kemalizmin altı oku gökten zembille inmedi. Laiklik,milliyetçilik ve cumhuriyetçilik Fransız Devrimi'nin etkisini yansıtıyordu; halkçılık,devrimcilik ve devletçilik de Sovyet Devrimi'nin...",Genel,Ahmet Taner Kışlalı
"Demokraside çoğunluk yönetir, ama azınlık susturulamaz. Azınlıkta olanların konuşması ise çoğunluğun sağlıklı yönetebilmesinin ön koşulu olduğu gibi, aynı zamanda azınlığın demokrasi dışı yollar aramamasının da ön koşuludur.",Genel,Ahmet Taner Kışlalı
"Kemalist devrimcilik anlayışının iki yanı vardır: Birincisi, eskimiş kurumların yerine, çağın gereklerine uygun kurumlar koymakla ilgiliydi. İkincisi ise sürekli olarak yeniliklere açık olmayı, değişen koşullara göre değişmeyi, “kalıplaşmamayı” gerektiriyordu.",Genel,Ahmet Taner Kışlalı
Bir din devleti kurmak isteyenlerin önündeki en büyük engel kemalizm. türkiye’yi etnik kökenlere göre parçalamak isteyenlerin önündeki en büyük engel kemalizm. ve “yeni mandacı” numaracı cumhuriyetçilerin önündeki en büyük engel gene kemalizm...,Genel,Ahmet Taner Kışlalı
"Ben, Ahmet Taner Kışlalı'yı Kültür Bakanı olduktan sonra tanıdım. Bir kültür adamının siyasete getirdiği kaliteyi gördüm. Zihnime çöreklenmiş politikacı tipinin ibresini olumsuzdan olumluya doğru çekti. Mensup olduğu partinin bile, düşüncelerini bir doktrin katılığında sunmadı, onu; hep kültürün, bilimin, çağdaş dünya görüşlerinin terazisinde tarttı.[3] — Doğan Hızlan",Genel,Ahmet Taner Kışlalı
"Ahmet Taner'den bana kalan nelerdir? Düzgün, iyi, dürüst, sade bir aydın. Hayatı boyunca hep aydın çizgisinde ısrar etmiş bir cumhuriyet çocuğu.[4] — Ertuğrul Özkök",Genel,Ahmet Taner Kışlalı
